Character,Element1,Element2,Element3,Element4
B,183.0,58.4,60.3,57.5
P,61.3,181.2,176.5,57.2
I,60.7,57.5
Q,170.0,190.3,64.8,188.8
H,62.2,62.8,57.2,60.3
I,55.9,61.0
M,168.8,185.1
L,58.9,170.6,61.8,54.7
F,58.4,56.1,175.0,60.7
X,173.8,55.5,60.9,184.9
G,189.0,204.6,62.9
O,187.0,184.4,181.7
I,57.5,60.1
V,59.5,58.5,59.0,184.5
D,190.9,60.8,58.8
H,59.3,62.8,60.7,59.9
X,178.9,61.4,58.3,180.5
H,57.8,61.7,58.7,57.0
U,60.6,58.8,188.2
Y,177.3,60.2,178.6,175.6
U,60.5,62.5,183.6
K,170.8,60.9,174.4
K,175.6,57.8,172.5
J,55.3,176.7,180.4,175.9
A,59.1,180.2
H,60.3,58.9,57.8,61.5
X,170.3,59.6,61.4,175.0
N,175.6,57.0
G,199.9,187.6,60.3
C,177.4,57.4,176.4,49.9
O,184.9,190.4,186.9
E,57.2
J,63.2,175.9,166.9,186.5
T,185.0
D,179.9,60.9,61.5
X,178.2,65.6,59.2,189.9
X,177.4,60.5,63.0,176.5
U,60.0,59.1,179.9
W,58.2,172.1,170.5
H,57.9,63.4,61.7,61.7
Z,170.2,170.8,61.6,59.6
O,186.7,180.1,177.2
H,60.5,57.2,61.0,59.7
K,187.3,58.0,175.0
U,59.9,57.3,181.2
J,62.2,173.4,177.1,177.4
M,170.9,188.0
P,62.1,173.0,179.2,60.0
D,184.5,60.3,59.3
M,180.8,185.1
K,173.1,59.2,185.7
D,183.9,57.5,60.1
K,178.6,55.1,175.6
S,59.8,60.6,65.6
J,63.1,188.0,178.6,178.6
T,175.3
F,57.0,60.7,177.9,60.4
V,64.6,55.6,58.8,183.8
N,182.3,62.7
Z,176.5,176.3,61.0,61.2
X,176.3,53.8,61.7,187.3
U,62.8,60.3,189.7
H,59.8,58.3,60.7,60.5
I,60.8,58.6
J,59.0,187.3,188.2,189.0
B,173.6,54.4,63.6,60.9
A,61.2,177.6
A,65.4,181.3
Y,181.1,66.7,184.2,181.7
Z,168.1,180.1,63.4,60.7
P,40.2,183.2,188.6,73.9
J,60.5,177.2,177.7,186.9
J,61.5,178.7,165.3,187.3
T,181.9
R,63.2,175.6,60.6
I,61.3,61.2
T,188.1
S,60.0,60.2,61.4
N,185.1,65.5
N,180.8,60.7
I,63.0,59.9
Z,179.4,180.8,58.0,62.4
J,61.4,189.0,180.2,183.8
T,175.9
K,180.9,61.4,183.0
Z,180.9,179.7,63.5,59.6
K,180.0,58.6,176.6
Q,184.9,178.4,59.3,190.7
Y,129.1,59.3,190.5,178.2
J,61.8,181.6,175.6,181.0
K,182.7,59.8,170.5
D,179.7,59.3,61.4
Z,179.9,176.7,63.3,62.4
X,181.4,59.5,61.4,181.9
A,57.9,188.7
S,58.6,60.6,61.6
Y,178.5,62.1,178.5,182.6
E,61.2
F,58.6,59.3,179.2,56.6
R,59.2,170.8,61.7
I,59.6,60.6
N,170.9,60.0
C,185.7,58.1,186.3,54.5
K,187.8,61.6,177.5
Q,186.0,194.3,63.2,194.5
G,208.2,190.8,60.6
V,62.1,60.2,60.7,183.7
B,183.9,55.3,61.9,60.5
Q,179.7,183.5,61.0,189.2
T,181.7
R,57.6,185.4,61.7
E,58.8
M,172.8,180.8
Z,186.3,176.2,63.3,61.1
J,57.3,175.2,185.8,186.6
B,177.0,58.0,58.6,59.9
H,61.6,59.9,60.4,59.4
M,166.2,189.9
E,58.8
R,58.5,179.1,62.1
X,177.9,61.2,59.2,183.2
P,61.8,182.4,177.7,59.4
M,182.2,172.5
C,172.3,57.2,175.5,53.7
R,63.7,179.9,61.3
H,58.6,54.0,59.7,55.2
Q,176.4,175.2,58.8,199.5
G,185.1,195.5,62.2
M,181.3,180.4
P,59.6,169.2,184.8,56.5
U,57.5,60.1,180.1
E,60.8
C,178.6,59.9,184.8,53.2
E,62.7
P,61.4,176.3,176.5,60.7
Y,181.5,63.5,180.2,174.7
V,61.2,60.4,57.2,184.9
S,60.3,62.3,43.7
Y,186.3,57.3,191.1,184.9
W,62.6,177.5,183.7
F,56.7,57.5,181.5,75.8
Z,183.7,171.4,59.0,59.1
N,179.5,59.3
H,55.1,60.5,59.9,59.9
B,168.9,60.9,60.6,62.6
H,60.9,57.6,63.3,60.6
H,56.5,61.6,62.0,57.6
L,58.9,182.2,57.7,54.5
U,60.8,55.4,173.1
L,59.7,186.1,61.7,53.5
X,176.3,55.6,63.6,176.4
J,57.4,181.8,178.7,178.8
G,189.0,198.1,59.6
W,57.4,182.9,183.7
M,176.1,178.3
Z,176.5,188.9,61.9,61.4
M,180.7,181.5
B,180.0,59.4,57.2,60.4
G,193.9,202.3,57.0
E,58.6
R,64.6,177.8,59.2
E,59.4
A,58.1,180.1
E,60.7
N,179.3,60.7
U,64.1,61.1,163.6
R,57.2,182.4,59.3
R,62.3,175.3,63.6
U,62.5,63.7,179.5
O,178.6,185.7,175.3
O,186.1,180.2,173.4
I,57.0,60.7
U,61.2,61.7,168.6
G,197.3,197.9,57.5
N,193.2,57.7
N,181.0,58.4
C,172.6,62.4,179.9,56.1
Z,183.3,183.5,63.6,59.2
U,59.5,55.8,197.3
Z,176.7,176.3,57.2,58.8
W,62.8,183.2,183.1
S,57.0,63.9,59.1
R,60.7,181.3,58.6
G,195.5,196.5,61.9
J,63.4,185.3,174.2,194.1
X,187.6,59.2,59.6,183.8
H,60.0,59.7,57.8,57.4
Y,182.6,64.6,171.8,178.1
O,179.9,184.6,182.2
C,179.1,61.6,182.1,52.6
R,59.0,170.8,57.8
U,60.8,64.1,175.5
A,59.4,182.2
P,58.8,191.1,177.9,58.6
L,65.5,190.7,62.7,53.6
W,61.1,176.2,176.2
J,56.1,184.0,176.0,183.5
Y,176.9,58.2,192.7,178.3
A,57.8,172.9
H,60.3,57.9,59.3,60.4
K,174.9,63.2,168.1
Y,178.0,62.8,174.0,186.3
E,61.0
K,190.0,59.8,186.9
O,175.3,182.7,178.3
Z,188.8,189.4,59.7,64.3
J,64.3,166.9,178.1,185.6
N,183.5,59.4
Q,190.4,174.6,60.1,196.3
P,61.0,187.7,183.1,62.2
Y,176.9,60.8,187.3,172.3
T,182.9
E,59.9
H,56.6,59.3,62.9,63.7
Y,179.2,60.2,172.7,184.5
A,60.8,181.7
Y,173.5,60.3,189.1,180.1
N,175.3,58.3
M,173.0,182.6
S,53.6,62.1,59.5
A,63.9,176.8
W,62.2,166.1,173.4
N,176.8,58.1
R,63.0,184.0,58.3
B,181.7,58.6,62.0,59.7
F,58.0,60.4,182.9,60.9
V,64.8,65.6,57.2,183.6
W,57.2,180.2,173.1
Y,182.4,63.7,178.8,173.9
G,193.2,202.6,62.1
M,188.5,184.1
T,178.9
M,179.6,177.8
K,180.3,57.9,189.6
A,57.2,188.4
C,169.0,62.8,171.1,50.4
G,187.4,189.7,58.4
J,63.6,175.3,180.6,180.6
M,174.4,176.2
I,59.1,57.1
J,60.5,191.0,186.3,182.8
E,56.2
I,59.8,60.4
C,186.1,60.7,183.3,53.2
C,181.4,64.9,180.1,52.9
D,178.5,61.5,60.7
H,58.4,63.4,56.5,59.6
C,174.0,58.1,199.8,50.6
J,62.8,172.7,178.7,181.7
N,175.8,58.6
F,61.2,57.7,176.1,59.8
K,192.1,61.8,183.1
C,172.3,62.4,188.8,53.4
P,60.7,182.0,182.8,59.3
D,181.7,58.0,58.2
Z,181.8,178.3,62.8,62.4
U,61.0,60.9,189.1
A,59.9,180.0
P,58.8,182.5,185.3,59.2
U,63.1,54.7,174.0
V,57.6,57.1,61.0,177.8
Q,177.8,177.6,62.1,189.9
G,202.8,181.2,59.5
S,59.2,60.3,57.7
J,62.9,184.2,175.4,175.7
W,62.1,177.4,185.8
X,173.7,61.3,56.9,172.8
L,60.1,187.3,57.4,50.8
K,187.6,62.1,182.8
W,62.9,184.1,184.0
U,60.3,59.6,180.9
A,56.7,178.6
Z,170.2,189.0,63.2,62.1
T,178.7
H,63.7,61.9,62.6,59.0
B,183.9,61.6,60.4,61.7
V,61.1,57.1,61.4,182.3
Y,178.0,62.4,177.9,182.7
S,53.7,57.9,59.7
O,171.0,182.6,170.3
F,57.6,61.9,187.1,59.7
G,196.7,196.4,63.8
L,61.4,175.2,63.6,52.8
U,58.4,62.2,165.7
K,179.7,62.0,175.9
V,58.3,61.8,61.8,183.7
T,170.7
W,59.1,171.6,177.2
D,182.9,57.3,59.8
E,55.8
F,60.4,60.7,184.8,61.6
S,59.3,62.9,61.5
T,178.9
F,63.0,59.4,187.0,57.7
B,179.7,57.5,57.0,57.5
V,58.6,60.3,62.7,173.8
U,42.1,57.6,187.1
I,57.1,64.0
C,173.2,58.0,122.7,51.6
I,62.1,59.8
I,60.7,61.0
Y,180.1,63.5,180.8,188.2
Z,231.8,176.3,60.3,61.1
A,59.8,182.6
S,62.8,59.1,63.4
J,60.8,186.5,183.1,181.2
R,61.2,182.3,63.5
G,194.5,200.0,60.6
S,55.8,57.7,56.1
C,183.6,60.1,171.0,53.2
V,63.4,59.6,64.0,184.0
N,181.6,60.7
G,199.9,192.3,61.1
L,55.6,182.3,60.7,53.7
A,57.0,172.0
Y,183.1,62.0,178.8,183.5
B,197.1,59.3,59.6,59.7
Q,191.2,195.0,60.8,198.6
X,177.8,60.9,66.9,177.0
J,60.6,185.6,178.3,177.1
U,56.5,54.2,172.6
O,183.4,174.2,194.3
F,64.7,61.8,184.0,60.3
Z,186.4,183.2,56.1,61.1
S,59.4,60.0,61.3
G,197.0,206.7,60.5
X,182.8,61.1,62.4,176.3
W,59.8,176.8,184.4
V,60.5,59.8,60.1,175.3
W,59.4,183.8,174.6
I,62.1,60.7
J,60.0,171.2,173.5,183.0
A,60.3,182.5
I,60.6,61.4
S,59.7,61.3,61.1
S,61.4,64.4,59.3
I,58.5,59.1
Y,176.6,58.5,185.7,166.6
J,56.2,171.1,175.8,186.5
I,56.2,61.4
L,57.9,174.1,59.2,54.6
Z,182.9,175.1,60.1,59.0
W,59.2,186.6,180.2
X,179.4,58.7,58.3,129.1
U,55.5,57.5,174.4
F,56.2,59.1,178.6,58.0
C,182.0,59.7,187.2,57.8
V,64.1,62.5,60.5,181.2
D,160.1,60.5,57.5
M,167.7,175.7
E,62.4
A,58.0,187.5
G,194.8,205.5,59.6
G,189.5,191.3,60.1
Z,182.5,187.2,58.1,63.6
Y,195.4,55.8,181.5,182.6
S,61.3,57.8,61.6
T,170.9
X,182.3,59.7,62.1,181.9
D,178.1,59.9,60.9
B,133.2,57.3,57.3,63.8
Q,182.4,182.5,64.3,201.2
R,59.0,173.7,57.5
F,61.5,59.3,187.1,63.0
U,58.2,59.9,181.7
L,57.6,179.1,67.7,56.9
P,60.2,177.9,188.4,61.9
W,57.3,177.0,171.7
S,63.0,58.3,59.3
D,176.7,60.7,63.0
F,59.8,61.4,184.6,63.0
D,177.2,56.7,58.0
R,64.0,179.0,62.9
O,184.0,186.2,184.9
Q,177.8,185.2,66.0,196.1
M,183.6,173.1
Y,182.4,57.0,182.0,186.9
N,172.9,60.7
H,61.8,60.0,59.8,61.1
W,57.4,182.9,175.4
F,61.0,60.6,175.7,54.9
N,183.6,61.2
A,59.6,184.1
X,185.7,61.0,61.8,182.3
O,178.7,175.5,179.5
O,181.7,186.7,183.2
D,176.4,64.0,60.1
G,190.2,194.6,61.2
E,56.8
C,178.1,62.7,184.3,54.3
R,78.2,184.0,60.9
A,63.4,174.9
M,178.8,170.2
M,175.9,186.6
R,59.7,194.2,59.6
K,185.5,61.6,185.0
L,63.1,179.5,59.5,57.1
W,64.0,179.7,183.6
E,62.5
Q,178.9,245.6,67.6,199.5
Y,172.0,57.1,180.6,180.7
K,175.6,58.8,178.5
N,168.0,57.3
Y,191.1,57.5,180.7,166.4
O,175.0,181.3,180.7
O,166.3,168.9,189.5
V,58.5,59.2,59.7,184.9
X,179.8,59.7,55.9,181.6
M,182.9,189.6
U,58.3,62.8,172.0
D,165.3,60.1,61.2
M,177.5,177.4
U,60.2,62.0,183.4
W,61.6,194.9,190.8
P,57.5,174.1,178.3,60.3
E,59.1
D,185.0,58.4,61.4
B,182.6,62.4,62.1,57.2
G,198.4,188.2,63.1
A,59.1,172.9
O,182.2,187.5,194.0
O,178.5,175.2,166.8
W,63.4,197.9,175.8
E,61.5
K,180.9,58.1,180.5
C,176.8,62.6,186.5,55.4
R,62.3,176.1,60.5
F,63.6,61.2,180.8,59.7
T,177.0
B,189.6,58.2,61.0,58.0
E,58.5
J,59.4,179.2,174.7,178.8
Q,193.1,187.3,61.1,191.6
F,64.8,63.0,174.9,56.1
E,57.1
V,58.6,63.5,57.6,174.4
N,176.1,59.2
Y,182.0,68.9,178.7,170.2
G,191.9,195.2,56.9
L,59.4,188.7,62.5,55.3
F,61.6,58.0,169.2,58.7
H,60.3,61.5,61.4,62.0
G,196.8,202.7,62.2
M,177.6,176.5
H,58.9,60.1,60.8,61.9
A,59.7,181.6
X,180.3,63.5,63.4,184.0
J,60.2,175.9,187.6,190.4
A,59.2,180.1
L,57.2,174.9,59.4,53.5
K,188.6,60.7,168.3
X,186.4,56.9,58.9,175.2
H,60.1,65.3,60.0,58.6
U,59.7,59.0,180.3
E,61.6
Z,173.4,177.9,58.2,59.9
K,184.5,59.6,173.4
M,184.0,184.4
D,184.8,58.2,59.0
R,56.6,183.8,62.4
U,60.1,62.0,170.7
X,173.8,58.1,60.9,175.8
R,57.1,178.6,58.6
L,59.9,179.2,54.4,55.7
B,176.2,59.5,60.3,59.4
H,59.3,57.2,59.8,55.9
I,57.3,55.8
Z,183.3,176.1,59.9,61.2
M,185.3,180.3
K,187.5,52.9,188.8
Q,175.9,185.9,63.9,196.2
Q,190.2,171.2,63.7,188.9
Y,182.9,57.0,183.2,174.6
C,176.5,65.1,179.0,49.4
O,186.2,180.3,184.8
N,179.7,60.7
B,183.4,58.7,61.7,58.0
N,178.5,59.6
Q,184.1,178.7,67.8,197.5
Y,176.0,60.7,175.0,175.9
K,195.3,57.9,182.7
B,177.0,60.9,60.2,54.6
V,58.8,57.3,59.0,191.3
A,62.4,187.7
G,187.2,191.3,57.2
U,60.0,58.9,169.2
X,175.5,60.5,58.9,176.9
H,59.1,60.1,58.1,62.9
O,174.6,248.5,188.0
M,167.5,180.4
H,57.6,56.6,56.3,61.4
I,61.3,57.6
L,61.3,191.6,61.0,50.9
O,183.1,172.8,183.4
D,184.6,60.6,60.9
X,170.6,60.1,58.9,189.2
A,60.3,175.1
Q,173.8,185.1,61.0,188.5
A,58.4,177.3
Z,174.8,174.0,58.3,60.1
